Id,Label,0,Degree,Weighted Degree,Eccentricity,closnesscentrality,harmonicclosnesscentrality,betweenesscentrality,betweennesscentrality2,bridgingcoefficient,bridgingcentrality,pageranks,componentnumber,Cluster,modularity_class,stat_inf_class,clustering,triangles
AskThe_Donald,AskThe_Donald,136074,8,10,2,0.653846,0.735294,71,0.202279,0.056897,0.011509,0.039822,0,0,0,4,0.321429,9
TheDonaldTrump2024,TheDonaldTrump2024,17034,1,3,3,0.404762,0.441176,0,0,0,0,0.017669,0,0,0,4,0,0
tuesday,tuesday,17238,1,1,4,0.320755,0.367647,0,0,0,0,0.012496,0,0,0,4,0,0
TheRedPill,TheRedPill,290000,1,5,1,1,1,0,0,0,0,0.05,1,1,2,2,0,0
libsofreddit,libsofreddit,47480,11,106,3,0.68,0.803922,12.25,0,0,0,0.068859,0,0,1,1,0.872727,48
HillaryForPrison,HillaryForPrison,54995,10,73,4,0.53125,0.72549,0,0,0,0,0.047772,0,0,1,5,1,45
Conservative,Conservative,1078194,4,12,3,0.459459,0.54902,16,0,0,0,0.071538,0,0,0,4,0.5,3
Republican,Republican,190087,4,14,3,0.459459,0.54902,16,0,0,0,0.082094,0,0,0,4,0.5,3
conservatives,conservatives,107400,3,7,3,0.447368,0.519608,0,0,0,0,0.041025,0,0,0,4,1,3
benshapiro,benshapiro,58434,1,1,4,0.320755,0.367647,0,0,0,0,0.012576,0,0,0,4,0,0
walkaway,walkaway,119521,11,103,3,0.68,0.803922,12.25,0,0,0,0.067173,0,0,1,3,0.872727,48
ExDemFoyer,ExDemFoyer,10758,10,86,4,0.53125,0.72549,0,0,0,0,0.055034,0,0,1,6,1,45
FauciForPrison,FauciForPrison,11719,10,78,4,0.53125,0.72549,0,0,0,0,0.05057,0,0,1,5,1,45
RedpilledRogan,RedpilledRogan,11389,11,92,3,0.68,0.803922,12.25,0,0,0,0.061012,0,0,1,0,0.872727,48
RedpilledElon,RedpilledElon,3364,10,97,4,0.53125,0.72549,0,0,0,0,0.061228,0,0,1,8,1,45
EnoughAntifaSpam,EnoughAntifaSpam,9097,10,65,4,0.53125,0.72549,0,0,0,0,0.043331,0,0,1,7,1,45
Patriot911,Patriot911,10174,10,82,4,0.53125,0.72549,0,0,0,0,0.052816,0,0,1,6,1,45
Conservative_News,Conservative_News,7332,10,79,4,0.53125,0.72549,0,0,0,0,0.051155,0,0,1,7,1,45
BigDongDeSantis,BigDongDeSantis,4903,11,97,3,0.68,0.803922,12.25,0,0,0,0.063829,0,0,1,8,0.872727,48
RedPillWomen,RedPillWomen,71629,1,5,1,1,1,0,0,0,0,0.05,1,1,2,2,0,0
